{
  "format": "custom",
  "id": "settings",
  "label": "Settings",
  "repeatable": false,
  "status": true,
  "json": {
    "Main": {
      "site_title": {
        "type": "Text",
        "config": {
          "label": "Site Title",
          "placeholder": ""
        }
      },
      "meta_description": {
        "type": "Text",
        "config": {
          "label": "Meta Description",
          "placeholder": ""
        }
      },
      "fallback_og_image": {
        "type": "Image",
        "config": {
          "label": "Fallback OG Image",
          "constraint": {},
          "thumbnails": []
        }
      },
      "navigation": {
        "type": "Group",
        "config": {
          "label": "Navigation",
          "repeat": true,
          "fields": {
            "link": {
              "type": "Link",
              "config": {
                "label": "Link",
                "placeholder": "",
                "allowTargetBlank": true,
                "select": null,
                "allowText": true
              }
            }
          }
        }
      },
      "footer_image": {
        "type": "Image",
        "config": {
          "label": "Footer Image",
          "constraint": {},
          "thumbnails": []
        }
      },
      "footer_skateboards": {
        "type": "Group",
        "config": {
          "label": "Footer Skateboards",
          "repeat": true,
          "fields": {
            "skateboard": {
              "type": "Image",
              "config": {
                "label": "Skateboard",
                "constraint": {},
                "thumbnails": []
              }
            }
          }
        }
      }
    }
  }
}
