{
  "id": "hero",
  "type": "SharedSlice",
  "name": "Hero",
  "description": "Hero",
  "variations": [
    {
      "id": "default",
      "name": "Default",
      "docURL": "...",
      "version": "initial",
      "description": "Default",
      "imageUrl": "",
      "primary": {
        "heading": {
          "type": "StructuredText",
          "config": {
            "label": "Heading",
            "placeholder": "",
            "allowTargetBlank": true,
            "single": "heading1"
          }
        },
        "body": {
          "type": "StructuredText",
          "config": {
            "label": "Body",
            "placeholder": "",
            "allowTargetBlank": true,
            "single": "paragraph,strong,em"
          }
        },
        "button": {
          "type": "Link",
          "config": {
            "label": "Button",
            "placeholder": "",
            "allowTargetBlank": true,
            "select": null,
            "allowText": true
          }
        },
        "skateboard_deck_texture": {
          "type": "Image",
          "config": {
            "label": "Skateboard Deck Texture",
            "constraint": {},
            "thumbnails": []
          }
        },
        "skateboard_wheel_texture": {
          "type": "Image",
          "config": {
            "label": "Skateboard Wheel Texture",
            "constraint": {},
            "thumbnails": []
          }
        },
        "skateboard_truck_color": {
          "type": "Color",
          "config": {
            "label": "Skateboard Truck Color",
            "placeholder": ""
          }
        },
        "skateboard_bolt_color": {
          "type": "Color",
          "config": {
            "label": "Skateboard Bolt Color",
            "placeholder": ""
          }
        }
      },
      "items": {}
    }
  ]
}