{
  "id": "product_grid",
  "type": "SharedSlice",
  "name": "ProductGrid",
  "description": "ProductGrid",
  "variations": [
    {
      "id": "default",
      "name": "Default",
      "docURL": "...",
      "version": "initial",
      "description": "Default",
      "imageUrl": "",
      "primary": {
        "heading": {
          "type": "StructuredText",
          "config": {
            "label": "Heading",
            "placeholder": "",
            "allowTargetBlank": true,
            "single": "heading2"
          }
        },
        "body": {
          "type": "StructuredText",
          "config": {
            "label": "Body",
            "placeholder": "",
            "allowTargetBlank": true,
            "multi": "paragraph,strong,em"
          }
        },
        "product": {
          "type": "Group",
          "config": {
            "label": "Product",
            "repeat": true,
            "fields": {
              "skateboard": {
                "type": "Link",
                "config": {
                  "label": "Skateboard",
                  "select": "document",
                  "customtypes": [
                    "skateboard"
                  ]
                }
              }
            }
          }
        }
      },
      "items": {}
    }
  ]
}