{
  "id": "text_and_image",
  "type": "SharedSlice",
  "name": "TextAndImage",
  "description": "TextAndImage",
  "variations": [
    {
      "id": "default",
      "name": "Default",
      "docURL": "...",
      "version": "initial",
      "description": "Default",
      "imageUrl": "",
      "primary": {
        "theme": {
          "type": "Select",
          "config": {
            "label": "Theme",
            "placeholder": "",
            "options": [
              "Blue",
              "Orange",
              "Navy",
              "Lime"
            ]
          }
        },
        "heading": {
          "type": "StructuredText",
          "config": {
            "label": "Heading",
            "placeholder": "",
            "allowTargetBlank": true,
            "single": "heading2"
          }
        },
        "body": {
          "type": "StructuredText",
          "config": {
            "label": "Body",
            "placeholder": "",
            "allowTargetBlank": true,
            "multi": "paragraph,strong,em"
          }
        },
        "button": {
          "type": "Link",
          "config": {
            "label": "Button",
            "placeholder": "",
            "allowTargetBlank": true,
            "select": null,
            "allowText": true
          }
        },
        "background_image": {
          "type": "Image",
          "config": {
            "label": "Background Image",
            "constraint": {},
            "thumbnails": []
          }
        },
        "foreground_image": {
          "type": "Image",
          "config": {
            "label": "Foreground Image",
            "constraint": {},
            "thumbnails": []
          }
        }
      },
      "items": {}
    },
    {
      "id": "imageOnLeft",
      "name": "Image on Left",
      "docURL": "...",
      "version": "initial",
      "description": "Default",
      "imageUrl": "",
      "primary": {
        "theme": {
          "type": "Select",
          "config": {
            "label": "Theme",
            "placeholder": "",
            "options": [
              "Blue",
              "Orange",
              "Navy",
              "Lime"
            ]
          }
        },
        "heading": {
          "type": "StructuredText",
          "config": {
            "label": "Heading",
            "placeholder": "",
            "allowTargetBlank": true,
            "single": "heading2"
          }
        },
        "body": {
          "type": "StructuredText",
          "config": {
            "label": "Body",
            "placeholder": "",
            "allowTargetBlank": true,
            "multi": "paragraph,strong,em"
          }
        },
        "button": {
          "type": "Link",
          "config": {
            "label": "Button",
            "placeholder": "",
            "allowTargetBlank": true,
            "select": null,
            "allowText": true
          }
        },
        "background_image": {
          "type": "Image",
          "config": {
            "label": "Background Image",
            "constraint": {},
            "thumbnails": []
          }
        },
        "foreground_image": {
          "type": "Image",
          "config": {
            "label": "Foreground Image",
            "constraint": {},
            "thumbnails": []
          }
        }
      },
      "items": {}
    }
  ]
}